-0.16876658055220453,0.002597760552125456,-0.3447497344854661,-0.03641364634905353,-0.1188051871179891,-0.046156649460464716,-0.2144759131520511,0.012257483094643473,-0.31036218692834394,-0.059278425320287376,0.018337517434286132,-0.06609124285547197,-0.05276827358045426,-0.42479858828225253,-0.1941534825315887,-0.27191985457805645,-0.019291488611351385,-0.00230552033961684,-0.08830002143976678,-0.4079223712267629,-0.42399579752226774,-0.10061567784867351,-0.2873660765239401,-0.23465857295013573,0.1497969940925441,-0.3737084891334904,0.17250728939198734,0.057402743061948036,-0.2873355066690021,-0.24945066834566232
0.030520533929045964,-0.43251248806308723,-0.07607173548617367,-0.02918205123753808,-0.044611840272731886,-0.0568800556619692,0.07802957886358271,0.0556418758252893,-0.22137886202118168,-0.2580955612540954,0.314601100349442,0.28047870653444723,-0.12988672773078988,-0.17202983698539748,-0.10125186561313339,0.4705374031634094,-0.041928493825186146,0.05094142726738036,-0.16739388949830086,-0.14191413451437787,-0.07605762960940438,0.46948977382054957,-0.26427181052029486,-0.48720883744720095,0.4714915758862516,-0.24332235388250523,0.25522981831402597,0.05970977486164911,0.17233039074025147,-0.3755619071040053
0.17791734835631332,-0.019515195390372723,-0.7233921539716509,0.2962662017508454,-0.14128347454870047,-0.004788173884829954,0.20327761772314665,0.2186213194060712,-0.012708954653131474,0.14543249387785442,0.15531030090177617,-0.3833119389886143,-0.2548494109225153,-0.030672513981716575,0.34886141527504017,-0.33609424452895065,-0.026831130349521594,0.022275955922683232,0.36663804124828364,-0.060356656561844024,0.013470146596514784,-0.023623666446147277,-0.012312611270551737,0.011084884941134313,0.1409680285403769,0.036013467537691975,-0.21367693838412025,0.08204688678964474,0.14084582430926051,0.13351014926422378
0.03901700386819036,0.2641320641590486,-0.07545508416101103,0.30125301635347657,0.3366891304464991,0.17348981592863597,-0.1087668934424242,0.07777306737409644,-0.24908392315051206,0.08198509750964914,-0.06831006109999327,0.004081981176596503,0.1581375050295558,-0.1713881245379722,0.1625398988490138,-0.25803195844903715,0.05825082650086647,-0.08322840325299556,-0.03500711701574569,-0.1548599380268023,0.1598788567231815,-0.0881771395703868,-0.09564983584451404,0.038539806735521424,-0.1482337707182639,0.3755409395085379,0.306968711409521,0.1566524148837729,-0.24546508360590022,-0.11455307244216589
-0.2839545731984636,0.09309266683113976,0.0015711786247287402,0.11605823584862006,-0.2003267679299975,0.2265350729873618,-0.40411499613109214,0.3306603201107997,0.10269366506479911,0.6359423302341722,0.07610029978648333,-0.01685264835694541,-0.3500195696726291,0.23755725342038553,-0.15089228686781142,0.07603851944131809,0.2557095650081647,0.23788995756393405,-0.3508673511044996,0.014038941941318576,-0.1309377255964615,0.2184724385996594,-0.1677209618215285,-0.09778220420927665,-0.20310413258077206,-0.20399644983913964,0.18284796159171232,-0.2167879092334264,0.027891719818187482,-0.01963046318502032
0.08466564341224866,0.1879910983889989,-0.11255906372328582,-0.4309212526008524,-0.03186825833604128,0.07128072596867949,-0.040216244489353466,-0.37136264149060116,0.09550026135095298,0.09899242206665453,0.2774207715722978,0.16590556584541818,-0.14404682461176452,-0.1219944748619527,0.24294079848607805,-0.06661473175579086,0.5361831846964226,-0.22468587113970384,0.0635615640403952,0.2076317752152089,0.12049816135088787,-0.2167985135694556,-0.2072362907317393,0.3454707450593408,0.124058545654129,-0.32833591451969707,-0.19427537275463902,-0.0020133393471429804,0.20209535979313104,-0.14518660223700863
0.10098032937579893,0.06575141279883097,-0.12567402072031011,-0.3648964886369619,-0.22266355602182702,0.13323527591278234,0.07267748821272194,-0.21716126936055155,0.07693377494928243,-0.19739159148967578,-0.35665387473285926,-0.38952007386330173,0.14118282899058382,-0.05423255598851983,-0.48793582581947187,-0.30526425665807366,0.021571007728370735,-0.4085667009091899,0.22773617069658317,0.005385600527955075,-0.04055332605692433,0.06485389211492315,-0.14007862963936768,-0.0014015573898191816,-0.286684704648134,0.22067289129215484,0.21982076349682816,0.24851300916161706,0.05031980983746,-0.050438263005523974
0.21964078315666202,-0.19803990171145566,-0.32447410995515835,-0.15540651493762173,-0.15821002712843804,0.008597496100636717,0.31815027921687045,-0.1598045695829499,-0.12669811560176616,-0.2977306156869107,-0.180234749925181,-0.22992126280503575,-0.199164667437122,0.4688164409033335,-0.15628242940732578,-0.13433587951095996,0.25374679076826484,-0.12911675440444786,-0.21749054063185497,0.10434658294911871,-0.198077453263368,-0.15744161588769498,-0.20087268178608636,0.28927407333163285,-0.18171662666895294,0.17781992937295657,-0.10333096329716088,0.029657126171824835,-0.3710054634374832,-0.20579308925388956
-0.5722352696096639,-0.1851129399971075,-0.23961922536723287,0.09407944620310339,-0.09123154146687412,-0.3187468966780789,-0.28840954253224743,0.22030973270421292,0.38547349412496906,0.2475914662451001,0.00837055481986611,0.088344948977519,0.24463148419403732,0.039519842882760406,0.09729126957151205,0.2812878739028493,-0.12647167838268952,-0.12759691048556598,-0.208460623355657,0.045362161365609326,0.1629883252540008,0.152971140436838,-0.01581301830885774,0.363493702629558,-0.5421625201616876,0.31730904227990625,-0.3519761196662567,0.23144154735553285,-0.05642706122808282,-0.18460008297413558
-0.36754756731672567,0.08232176553381472,-0.18478617831129787,0.3242841675542658,-0.35846548118520466,-0.13677139361332039,-0.10410683186592315,0.13313564225228036,-0.18836894639059412,-0.15192138367628233,-0.330213052143779,-0.3173216964944551,0.3791681131310313,-0.16380468716140642,-0.08741828168657391,0.07357852050851632,0.4262296684018673,-0.3184288514386215,-0.3615112832352474,0.2539579611787615,-0.32531289543663416,-0.12215326845410837,-0.266606149696149,-0.040968276573565145,0.1680980056114539,0.06459644403440197,-0.3556787605544385,0.2713920601349726,-0.2145980076767714,0.13337751141430754
-0.013623909825495842,-0.19730708565582125,-0.22186170191125543,-0.23029885066061018,0.012895767424517451,0.687540606038444,0.32527175835255284,-0.14987178398716436,-0.17752389262208887,-0.12904846677476814,-0.07977254700985195,0.44854293497267445,0.06342634917820322,0.0009378066073664768,-0.16191110425159763,0.22027427559109472,0.22963252949877844,0.469850453341018,-0.20585675377524243,0.23023323694882092,0.1647756241804681,-0.37839203477790095,0.012607670773132072,0.11041371390953823,0.0774043779239805,0.04499580051118089,0.06725642088294677,0.022828794736577868,-0.1492855855437828,0.13743878723641753
-0.06470933487918473,0.40019838430362104,-0.16469072609918742,-0.22924239832255164,0.25676053644721314,0.13525407931599498,-0.3423813308981334,0.10770097339220278,0.2761163903932232,-0.026865616148285972,-0.01710489351246344,-0.05589857299262534,-0.4340408728121731,-0.15423945997592314,0.027134740730381364,-0.09444658089904752,0.032306426568549707,0.1556788805607718,-0.1491916472426492,0.401340568762453,-0.2227346458319685,-0.43745770176364185,-0.15756856073050615,-0.27452578149616197,0.14679053590371166,0.09292181682891207,-0.0376109287935191,0.24147609995087826,0.18360938835671725,0.13643093282487065
-0.22870601386188233,-0.2907321098342838,-0.008347880907228765,0.22574869300785394,0.05526689825565819,-0.4487003974714807,0.06797319903079475,-0.20336690141619815,-0.023649729052724434,0.11110061357520057,0.17817789463785177,0.040731786798025145,0.17162766603033847,0.04849077074967822,0.1101914250602476,-0.219604356659765,-0.20218764928226848,0.024274473753232145,0.15353405605346196,0.4282362695250888,-0.3473234540046481,-0.2841301600990985,0.4038891451640753,-0.2027445708938751,-0.13890930275153296,0.1505167192224149,-0.16467504035350317,0.16491029733457646,0.09217695106124159,-0.3007956975695785
-0.12494431170152252,-0.10236752069522827,-0.03143639970340566,0.028890690546409848,0.008056833543066225,-0.1236268732844788,-0.3864776140407238,-0.16724034475346333,0.24956221798173175,-0.1862537996288516,0.11201837894029076,-0.11607283858902497,0.2163359067152019,0.06310677981934573,-0.1955138404188166,-0.3281265234289558,0.4315282901551865,0.035091796713478035,-0.32338251960319947,-0.20829748591928243,0.4645973423798495,0.13525868186255935,-0.16700076254784602,0.0734013347506344,0.12470649758136215,-0.048703324706968816,0.2329465494398368,0.053649920928112084,0.19228829986752244,0.3101914497943186
-0.05794155228861812,0.10086592642487562,-0.025419159773409354,-0.2872633389221324,-0.11510419615262037,-0.14608801223377482,0.1752381444778529,-0.23744376476662843,-0.13810587020522022,0.343334445381897,0.23595261636841777,0.05636774932975057,0.1753436632177582,-0.3537384063743426,-0.01932560920916951,-0.07435194143427318,0.005081171911256768,0.3235549041087028,0.20637090484266407,-0.2065854959215869,0.19030162506792647,0.3251037821696837,0.2393073383127742,0.13377223054441706,-0.048869048112368495,0.46078835424258174,-0.3350214758648491,-0.1355545505949279,0.18064072843640633,-0.04719113301303029
0.3147877854507292,-0.46446018590779514,-0.08598491324082817,-0.008323663404399839,0.6445855841818628,0.07341415540751749,0.008629525127719535,0.3383025935224827,-0.16993897847107664,0.129421716853111,-0.19433493205267538,0.11270873082734136,0.29514048435336687,0.0992839447716234,0.20076713113508837,-0.056571847514717125,-0.1408802575578126,-0.40767294048255515,-0.33534306532238733,0.12465212341486558,-0.2646450513198289,0.004423284171520495,0.14084983389925315,0.4398139773588205,0.17931935927538553,0.027387358785220046,0.19071020373742775,0.0723425882601406,0.3796459410765244,-0.1060831028497935
0.0024645606002652713,-0.2254497509142439,0.05557176085395698,0.05324170522089302,-0.057536554722207006,0.11515028189498791,0.08196309199838489,0.2635525613544649,-0.4421534761503089,-0.21491173107102743,0.5453408360744653,0.3354463394414223,-0.0038308436812636596,-0.14196035928780817,-0.10456604633727287,-0.27185211859950914,0.10723817094856511,0.001779069262810214,-0.1093356534885041,-0.13744356002816488,-0.002032363166576894,0.004033612952623674,-0.41163188446110555,0.04479580179724329,-0.14805447493325255,0.20432435646498417,0.05121906913433623,-0.14419521799084686,0.09629908760580223,0.1059218569979294
0.35142524347572995,0.03706320397183669,-0.11930093137571143,0.2128604383691824,0.2749556536505135,0.06412619769879381,-0.11546171743052368,-0.36419674443685074,-0.34639905770819635,0.054680709212964376,0.08445093823020362,0.21217750644338465,-0.2786675895247161,0.485741550085609,-0.5085434972644589,0.07271227744566397,-0.09834341400552461,-0.18259030111385183,-0.0648368062350666,-0.3512493077624552,0.09752329942390267,-0.14974027306496251,-0.15475907516976506,0.06337012337630521,-0.11839421648325452,0.06227826783994332,-0.2895604567543996,-0.03744701905265524,0.25777655955133816,-0.3136201880646872
0.14792314930242068,-0.08271520780731184,-0.08025407176222521,0.21232016176940774,0.03889141573836795,-0.1343358118942068,-0.3051550511448378,-0.10428850036245668,-0.1319538457591713,0.041301537018644585,0.2562998040773414,0.054961731834550484,0.13566466167203303,-0.12552280240015834,-0.08194410292798829,-0.05904487053066316,0.17350634965849,0.03482730357271224,-0.24978659221254007,0.09135062796164621,-0.14667436379574658,0.18669010127515775,0.3525882946325145,0.015273121583683715,-0.261882810120379,-0.04527900344356528,0.010117294597015651,0.6502061498008549,-0.19268057345700992,0.5383724426038339
-0.09220304479686033,-0.18749028973147827,0.1088739520733176,0.12498235175876463,-0.14008274977592824,-0.014537230017743387,0.09137514785617697,-0.2636538851395816,0.12369438052671601,-0.16083958342846777,0.07577542163262802,-0.1822920560600137,-0.0362453080121263,-0.015199964787428636,0.21968508326486463,-0.11994306183924733,0.16228721119751308,-0.17137366794051326,-0.041156539768472826,-0.1239933626631829,-0.18230930342889162,0.04996989071409971,-0.15837879946564157,-0.0889945618819199,-0.1338408468006101,-0.16665969441398418,0.2492815160637343,0.4093081974484445,0.43073865855851085,-0.10223501460133326
