0.0,0.0,0.0,0.0,0.0,0.0,0.0,0.0,0.0,0.0,0.0,0.0,0.0,0.0,0.0,0.0,0.0,-4.350730278807372,0.0,0.0,2.1844851582929015,0.0,3.6820635275908145,0.0,0.0,0.0,0.0,0.0,0.0,0.0,0.0,0.0,0.0,0.0,1.9416465736100292,0.0,0.0,0.0,0.0,0.0,0.0,0.0,0.0,0.0,0.0,0.0,0.0,0.0,0.0,0.0,0.0,0.0,0.0,0.0,0.0,0.0,0.0,0.0,0.0,0.0,0.0,-1.2775609245178539,0.0,0.0,0.0,0.0,-2.1693747980109506,0.0,-3.9797493863663327,0.0,0.0,0.0,0.0,0.0,0.0,0.0,0.0,0.0,0.0,0.0,0.0,0.0,0.0,0.0,0.0,0.0,0.0,0.0,0.0,0.0,2.752282305906444,0.0,0.0,0.0,0.5491284630533148,0.0,0.0,0.0,0.0,-2.0350621081070455
0.0,0.0,0.0,0.0,0.0,0.0,0.0,0.0,0.0,0.0,0.0,-3.279312493472306,-2.524250045497293,-0.6073777657024371,-2.8922698856308102,-2.0909381547069223,0.0,0.0,0.0,0.0,0.0,0.0,0.0,0.0,-1.4990662803382273,0.0,0.0,0.0,0.0,0.0,0.0,0.0,0.0,0.0,0.0,0.0,0.0,0.0,0.0,0.0,0.0,0.0,0.0,0.0,0.0,0.0,0.0,0.0,0.0,2.034243674591619,0.0,0.0,0.0,0.0,-0.5929859914187916,0.0,0.0,0.0,0.0,0.0,0.0,0.0,0.0,0.0,-1.6582740121271484,0.0,0.0,0.0,0.0,0.9366601138021486,0.0,0.0,0.0,0.0,0.0,0.0,0.0,0.0,0.0,0.0,0.0,0.0,0.0,0.0,0.0,0.0,0.0,0.0,0.0,0.0,0.0,0.0,0.0,0.0,0.0,0.0,0.0,4.030710892249984,0.0,0.0
0.0,0.0,-1.489642002165075,0.0,0.0,0.0,0.9958739511500013,0.0,0.0,0.0,0.0,-1.521859633935022,0.0,0.0,0.0,0.0,0.0,0.0,0.0,0.0,0.0,0.8027482562806112,0.0,0.0,-1.477610181583573,0.0,0.0,-1.37893682629432,0.0,0.0,0.0,1.197631520444951,0.0,0.0,0.0,0.0,0.0,0.0,0.0,0.0,0.0,-2.063478412380228,0.0,2.582068728275421,0.0,0.0,0.0,3.934774032752828,-1.7920183167003392,0.0,0.0,0.0,0.0,0.9892580276305012,0.0,0.0,0.0,0.0,0.0,0.0,0.0,0.0,1.718355526363872,0.0,0.0,0.0,0.0,0.0,0.0,1.503284345015034,2.095383262498266,0.0,1.2574833695734453,0.0,0.0,0.0,1.416525454551006,0.0,0.0,0.0,0.9984535820055165,0.0,0.0,0.0,0.0,0.0,0.0,-1.9334594951506865,0.0,0.0,0.0,0.0,0.0,0.0,0.0,0.0,-0.9930956508379147,0.0,0.0,0.0
0.0,0.0,0.0,0.0,0.0,0.0,0.0,0.0,0.0,0.0,0.0,0.0,0.0,-6.270384845170839,0.0,0.0,0.0,0.0,0.0,0.0,0.0,0.0,0.0,0.0,0.0,0.0,0.0,0.0,2.356457003724402,-4.994881119096011,0.0,0.0,0.0,0.0,0.0,0.0,0.0,0.0,0.0,0.0,0.0,0.0,0.0,1.9932917647207034,-1.162538031453234,0.0,0.0,0.0,0.0,2.282854332099194,0.0,0.0,0.0,0.0,0.0,0.0,0.0,-2.10355334308745,-2.055309540369644,0.0,0.0,2.172339138506325,0.0,2.6041119838155837,1.7630226350150235,0.0,1.4475331886922789,1.776554157889425,0.0,0.0,0.0,0.0,0.0,0.0,0.0,-1.042453553491454,0.0,2.6632418785131766,0.0,0.0,0.0,0.0,0.0,0.0,0.0,1.540102697400455,0.0,0.0,-1.9493512361756231,0.0,0.0,1.9771820209427848,0.0,0.0,0.0,0.0,-2.2906848831856927,0.0,0.0,-2.4203782536668976
-0.8941264766905361,0.0,0.0,0.0,0.0,0.0,0.0,-3.2835134192105238,0.0,0.0,0.0,0.0,-1.6721468307944716,0.0,0.0,0.0,-4.259625246668553,0.0,0.0,0.0,0.0,0.0,0.0,0.0,0.0,0.0,0.0,0.0,0.0,0.0,3.209448300960807,0.0,0.0,0.0,0.0,0.0,0.0,0.0,0.0,0.0,0.0,0.0,0.0,0.0,0.0,2.615669935637783,0.0,0.0,0.0,0.0,0.0,0.0,0.0,0.0,0.0,0.0,0.0,0.0,0.0,2.9936731181151193,0.0,0.0,0.0,0.0,0.0,0.0,0.0,0.0,0.0,0.0,-0.7795288717188431,0.0,0.0,0.0,0.0,0.0,0.0,2.3595523430413485,0.0,0.0,0.0,0.0,0.0,0.0,0.0,0.0,1.0885704587426719,0.0,0.0,0.0,0.0,0.0,0.0,0.0,0.0,-1.9278982753180256,0.0,0.0,0.0,0.0
0.0,0.0,0.0,-3.7488563159745922,0.0,0.0,-0.7612097734148247,-1.2691597569282134,1.7547391007277173,0.0,0.0,0.0,0.0,0.0,0.0,0.0,0.0,0.0,0.0,2.024956866861962,0.0,0.0,0.0,0.0,0.0,-1.6365380439794286,0.0,0.0,0.0,0.0,0.0,0.0,0.0,0.0,0.0,0.0,0.0,0.0,0.0,-1.009530948235835,0.0,0.0,0.0,0.0,-1.9660552648618885,0.0,0.0,0.0,0.0,0.0,0.0,0.0,0.0,0.0,0.0,0.0,0.0,0.0,0.0,0.0,0.0,0.0,-1.6595276727447705,1.5884547602659354,0.0,0.0,0.0,0.0,0.0,0.0,0.0,0.0,0.0,0.0,0.0,0.0,0.0,0.0,-5.035551369590258,-0.9025266348144315,0.0,0.0,0.0,0.0,0.0,0.0,0.0,0.0,0.0,0.0,0.0,0.0,0.0,0.0,0.0,0.0,0.0,1.8000390948630802,0.0,0.0
0.0,0.0,0.0,0.0,3.8822560822039933,0.0,0.0,0.0,0.0,0.0,0.0,0.0,0.0,0.0,0.0,0.0,0.0,0.0,0.0,0.0,0.0,0.0,0.0,0.0,0.0,0.0,0.0,0.0,3.4700610324372514,0.0,0.0,0.0,0.0,0.0,0.0,0.0,0.0,-3.228481729687585,0.0,0.0,0.0,0.0,0.0,0.0,0.0,0.0,0.0,1.5001010196976718,0.0,0.0,2.808054351864871,0.0,0.0,0.0,0.0,0.0,0.0,0.0,0.0,-2.044552560949807,0.0,0.0,0.0,0.0,0.0,0.0,0.0,0.0,0.0,0.0,0.0,0.0,0.0,0.0,0.0,-4.8138203368485,0.0,0.0,0.0,0.0,0.0,0.0,0.0,0.0,0.0,0.0,0.0,-1.149771477296075,0.0,0.0,-3.279039140811012,0.0,0.0,0.0,0.0,0.0,0.0,0.0,0.0,0.0
0.0,0.0,0.0,0.0,0.0,0.0,0.0,0.0,0.0,0.0,0.0,0.0,0.0,0.0,0.0,-2.6897159842862632,0.0,0.0,0.0,0.0,0.0,0.0,0.0,0.0,0.0,0.0,0.0,0.0,0.0,3.438601728597313,0.0,3.3920075508623033,1.4242762860946796,0.0,0.0,0.0,1.0541919271831202,0.0,0.0,0.0,0.0,0.0,0.0,0.0,-1.6437433862244728,0.0,0.0,0.0,1.6635177250954465,0.0,0.0,0.0,0.0,0.0,0.0,0.0,-1.4563296494422342,0.0,0.0,0.0,0.0,0.0,0.0,0.0,0.0,0.0,0.0,0.0,0.0,0.0,-1.123411281005915,-4.316418893176066,0.0,0.0,0.0,0.0,0.0,-5.214838648913679,0.0,0.0,0.0,0.0,2.0797772595739663,0.0,-4.2125063882232565,0.0,0.0,0.0,2.6096046398671477,0.0,0.0,0.0,0.0,0.0,-0.5720617555739967,0.0,0.0,0.0,0.0,0.0
0.0,1.6243498937323924,0.0,0.0,0.0,-2.774847303908249,0.0,0.0,0.0,-3.1770150541632423,0.0,0.0,0.0,0.0,0.0,0.0,0.0,0.0,0.0,-1.645852978670857,0.0,0.0,0.0,0.0,0.0,0.0,0.0,-1.7910626049498979,0.0,0.0,0.0,0.0,0.0,4.4864118964050865,0.0,0.0,0.0,0.0,0.0,-1.57174486219045,-1.9422613402407218,0.0,0.0,0.0,0.0,0.0,0.0,0.0,0.0,0.0,0.0,0.0,0.0,0.0,0.0,0.0,0.0,0.0,0.0,0.0,0.0,0.0,0.0,0.0,1.3720683402835394,0.0,0.0,0.0,0.0,0.0,0.0,0.0,0.0,0.0,4.005133831555678,0.0,0.0,0.0,0.0,-3.063240036288151,0.0,0.0,0.0,0.0,0.0,0.0,0.0,0.0,0.0,1.2634972601896841,0.0,0.0,0.0,0.0,0.0,0.0,0.0,0.0,1.6778468028073843,-2.9097291062353077
0.0,0.0,0.0,0.0,0.0,0.0,0.0,0.0,0.0,3.4028033945685703,0.0,0.0,0.0,2.598867820184532,3.8540258020316367,2.2283947952244487,0.0,0.0,0.0,0.0,0.0,1.149428941505873,0.0,0.0,0.0,0.0,0.0,0.0,0.0,0.0,0.0,0.0,-3.969167004032679,0.0,0.0,-2.011115347228493,0.0,0.0,0.0,0.0,1.2911867499141199,0.0,0.0,0.0,0.0,0.0,0.0,0.0,0.0,0.0,0.0,0.0,0.0,0.0,0.0,0.0,0.0,0.0,-1.4481178279732843,-2.231496332755783,0.0,0.0,0.0,0.0,0.0,0.0,0.0,0.0,0.0,0.0,0.0,1.9098315432913047,0.0,0.0,0.0,0.0,0.0,0.0,0.0,0.0,0.0,0.0,0.0,0.0,0.0,3.3492721833875425,0.0,0.0,0.0,0.0,0.0,0.0,1.6861925634487027,-1.0513749260481415,0.0,1.3721981298997932,0.0,0.0,0.0,0.0
0.0,0.0,0.0,0.0,0.0,-1.239150959496505,0.0,0.0,0.0,-2.212569130148409,0.5403053172719876,0.0,0.0,0.0,0.0,0.0,0.0,0.0,0.0,0.0,0.0,0.0,0.0,1.060743487213183,0.0,0.0,0.0,0.0,0.0,0.0,0.0,0.0,0.0,0.0,0.0,0.0,0.0,0.0,0.0,0.0,0.0,-1.5773429298007817,0.0,0.0,0.0,0.0,0.0,0.0,0.0,0.0,0.0,0.0,0.0,-5.274808512094445,-1.8679676627000368,0.0,0.0,0.0,0.0,0.0,0.0,0.0,0.0,0.0,0.0,-1.2615315239018232,0.0,0.0,0.0,0.0,0.0,0.0,0.0,0.0,4.096872045527341,0.0,0.0,0.0,0.0,0.0,0.0,0.0,0.0,0.0,-3.7662351821974847,0.0,0.9690102936290326,0.0,0.0,0.0,0.0,0.0,0.0,0.0,0.9169552345073739,1.92129361243011,0.0,0.0,0.0,0.0
-1.7291763868686756,1.9879810116318406,0.0,0.0,0.0,0.0,0.0,0.0,0.0,0.0,0.0,0.0,0.0,0.0,0.0,0.0,5.286553213756973,0.0,-5.0428777954470805,0.0,0.0,0.0,0.0,0.0,0.0,1.893554875505935,0.0,0.0,0.0,0.0,0.0,0.0,0.0,0.0,0.0,0.0,0.0,0.0,0.0,0.0,0.0,0.0,0.0,0.0,0.0,0.0,0.0,0.0,0.0,3.5223115703001966,0.0,0.0,0.0,0.0,0.0,1.7674150132186426,0.0,0.0,0.0,0.0,2.1393696500304986,0.0,0.0,0.0,0.0,0.0,0.0,0.0,0.0,0.0,0.0,-2.3441541891100015,0.0,0.0,0.0,0.0,0.0,0.0,1.6816573685372962,0.0,0.0,-2.1354403916504405,0.0,0.0,0.0,0.0,0.0,0.0,0.0,0.0,0.0,0.0,0.0,0.0,0.0,0.0,0.0,0.0,0.0,0.0
0.0,0.0,0.0,-2.96511593452157,0.0,0.0,0.0,0.0,0.0,0.0,0.0,0.0,0.0,0.0,0.0,0.0,0.0,0.0,0.0,0.0,0.0,0.0,0.0,-1.7384356045044682,0.0,0.0,0.0,0.0,0.0,0.0,3.110165926956937,0.0,0.0,0.0,0.0,-1.2173521906177933,0.0,-1.7679846826050147,0.0,0.0,0.0,0.0,0.0,0.0,0.0,-3.091202561658326,0.0,0.0,0.0,0.0,0.0,-1.8599826905249666,0.0,0.0,0.0,3.493542449383005,0.0,0.0,0.0,0.0,0.0,0.0,0.0,0.0,0.0,0.0,0.0,0.0,0.0,0.0,0.0,0.0,0.0,0.0,2.0589012740777712,0.0,0.0,0.0,0.0,0.0,0.0,3.2027540213320487,0.0,0.0,0.0,0.0,0.0,0.0,0.0,0.0,0.0,-2.0865240262088167,0.0,0.0,0.0,0.0,0.0,0.0,0.0,0.0
0.0,0.0,0.0,0.0,0.0,0.0,0.0,0.0,0.0,0.0,0.0,0.0,0.0,0.0,0.0,0.0,0.0,0.0,0.0,0.0,0.0,0.0,0.0,1.866425215812542,-1.1790441790363388,0.0,1.5819765996970259,0.0,0.0,0.0,0.0,0.0,0.0,0.0,0.0,0.0,0.0,0.0,0.0,0.0,0.0,2.319382970971936,0.0,0.0,0.0,0.0,0.0,0.0,0.0,0.0,0.0,0.0,0.0,0.0,0.0,0.0,-3.4780099468657575,0.0,0.0,0.0,0.0,0.0,0.0,-2.4136850119629956,0.0,0.6374685271668458,0.0,1.0689214230727164,3.413353950547642,0.0,0.0,0.0,0.0,0.0,0.0,-0.9770074687847712,0.0,0.0,0.0,0.0,0.0,0.0,0.0,0.0,0.0,0.0,0.0,0.0,0.0,-2.297529506150364,0.0,0.0,0.0,0.0,0.0,0.0,0.0,0.0,0.0,0.0
0.0,0.0,0.0,0.0,0.0,0.0,0.0,0.0,0.0,0.0,0.0,0.0,0.0,0.0,0.0,0.0,1.2518971710914746,0.0,0.0,0.0,1.0997480072295696,0.0,1.2339613857127008,0.0,0.0,0.0,-1.636576927986373,0.0,0.0,0.0,0.0,0.0,0.0,0.0,0.0,0.0,0.0,0.0,-0.7454657126090983,0.0,0.0,0.0,0.0,0.0,0.0,0.0,0.0,-1.0937210655728375,0.0,0.0,0.0,0.0,0.0,0.0,0.0,0.0,0.0,1.2685424165359849,0.0,0.0,0.0,0.0,0.0,0.0,0.0,4.531297020506524,0.0,0.0,0.0,0.0,0.0,0.0,0.0,1.2580889391280143,0.0,0.0,0.0,0.0,0.0,0.0,0.0,0.0,0.0,-0.5095818889903291,2.23090754610087,0.0,0.0,0.0,0.0,0.0,0.0,0.0,0.0,4.407192255434583,0.0,0.0,0.0,0.0,0.0,0.0
0.0,0.0,1.5832276017528648,0.0,0.0,0.0,0.0,0.0,0.0,0.0,-3.435303491028733,0.0,-3.1717377495653865,0.0,0.0,0.0,0.0,0.0,0.0,0.0,0.0,0.0,0.0,0.0,0.0,0.0,-1.7331694875287635,2.195782308834252,0.0,0.0,0.0,-1.0712529000089637,0.0,0.0,0.0,0.0,2.0616722965386556,0.0,-1.350717301789291,0.0,0.0,0.0,1.0730654270394975,0.0,0.0,0.0,0.0,0.0,0.0,0.0,0.0,0.0,0.0,0.0,0.0,0.0,0.0,0.0,0.0,0.0,0.0,0.0,0.0,0.0,0.0,0.0,0.0,0.0,0.0,0.0,0.0,0.0,-1.799379056917744,-2.9776616791465056,0.0,0.0,1.8991069684745652,0.0,0.0,0.0,0.0,0.0,0.0,0.0,0.0,0.0,0.0,0.0,0.0,0.0,0.0,0.0,-0.808572363919276,1.784116503167396,0.0,0.0,0.0,0.0,0.0,0.0
0.0,0.0,0.0,0.0,0.0,-3.0803237331036146,0.0,0.0,0.0,0.0,0.0,-1.6654441226541896,0.0,0.0,0.0,0.0,0.0,0.0,0.0,0.0,0.0,0.0,0.0,0.0,2.4318933882897302,0.0,0.0,0.0,0.0,0.0,0.0,0.0,0.0,0.0,0.0,0.0,0.0,0.0,0.0,0.0,0.0,0.0,0.0,0.0,0.0,0.0,0.0,0.0,0.0,0.0,0.0,0.0,0.0,0.0,0.0,0.0,0.0,0.0,-4.854731900058018,0.0,0.0,0.0,0.0,0.0,0.0,0.0,0.0,0.0,0.0,0.0,0.0,0.0,0.0,0.0,0.0,0.0,3.924163270263075,0.0,0.0,0.0,0.0,1.2686828316386194,0.0,0.0,0.0,0.0,0.0,-1.0743371018714227,0.0,0.0,0.0,0.0,5.53648057906282,0.0,0.0,0.0,0.0,0.0,0.0,0.0
0.0,0.0,-3.5587474092334648,0.0,0.0,0.0,0.0,0.0,0.0,0.0,0.0,0.0,1.8996059974891792,0.0,0.0,0.0,-2.9482743972767103,0.0,0.0,0.0,0.0,0.0,0.0,0.0,0.0,0.0,0.0,0.0,0.0,-2.4225601421728595,0.0,0.0,0.0,0.0,-2.066285322905461,0.0,0.0,0.0,0.0,0.0,0.0,1.760047131727279,0.0,0.0,3.041304001230515,0.0,0.0,0.0,0.0,0.0,0.0,0.0,0.0,0.0,0.0,0.0,0.0,0.0,0.0,0.0,0.0,-1.7752849753310067,-2.7686467362036367,0.0,0.0,0.0,0.0,0.0,0.0,-0.5211807580434892,0.0,3.1114688377249053,0.0,0.0,0.0,0.0,0.0,0.0,0.0,0.0,-2.56814259288121,0.0,0.0,0.0,1.7075333021976977,0.0,0.0,0.0,-0.6927784116248056,0.0,0.0,0.0,0.0,0.0,0.0,0.0,0.0,0.0,0.0,0.0
0.0,0.0,0.0,0.0,0.0,-2.359551465599169,0.0,0.0,-2.742449076415729,0.0,0.0,0.0,0.0,0.0,0.0,0.0,0.0,0.0,0.0,0.0,0.0,0.0,0.0,0.0,0.0,0.0,0.0,1.490997678251617,0.0,0.0,0.0,0.0,0.0,0.0,0.0,0.0,0.0,0.0,0.0,1.504415521701772,0.0,0.0,0.0,0.0,0.0,0.0,0.0,0.0,2.637763947428542,0.0,0.0,0.0,0.0,0.0,3.613191377037201,0.0,-2.763534537160813,-2.5673573245681767,-3.6255660567447636,2.258024075325844,0.0,0.0,0.0,0.0,0.0,-3.7884594263539078,0.0,0.0,0.0,0.0,0.0,0.0,-1.0959853996622035,0.0,0.0,3.5899652680747036,0.0,0.0,0.0,0.0,0.0,0.0,4.129426818419135,-0.593678362295016,0.0,0.0,0.0,0.0,0.0,0.0,0.0,0.0,0.0,0.0,0.0,0.0,0.0,0.0,0.0,0.0
0.0,0.0,0.0,0.0,1.6816155761492542,0.0,0.0,0.0,0.0,0.0,0.0,0.0,0.0,0.0,0.0,0.0,0.0,0.0,0.0,0.0,0.0,0.0,0.0,0.0,0.0,0.0,0.0,0.0,0.0,0.0,0.0,0.0,0.0,0.0,0.0,0.0,0.0,0.0,0.0,0.0,0.0,0.0,2.1200066988930955,0.0,0.0,0.0,0.0,0.0,0.0,0.0,0.0,0.0,-3.4713954526005075,0.0,0.0,0.0,0.0,0.0,0.0,0.0,0.0,2.159318310469241,0.0,0.0,2.023783993937195,0.0,0.0,0.0,0.0,0.0,0.0,0.0,2.775345058048715,0.0,0.0,0.0,0.0,0.0,0.0,0.0,0.0,-1.794901219145898,-1.840859677406455,0.0,0.0,0.0,0.0,0.0,0.0,0.0,0.0,0.0,0.0,0.0,0.0,0.0,0.0,0.0,0.0,0.0
0.0,0.0,0.0,0.0,-0.9183444951478836,0.0,0.0,0.0,0.0,0.0,0.0,0.0,0.0,0.0,0.0,0.0,0.0,0.0,0.0,0.0,-0.946922555114426,0.0,0.0,0.0,0.0,0.0,0.0,0.0,0.0,0.0,0.0,0.0,0.0,-1.208544266482284,0.0,0.0,0.0,0.0,-3.9931381401705974,0.0,0.0,0.0,0.0,0.0,0.0,0.0,-3.199558643632219,0.0,0.0,-3.543781227400602,-3.6414136819321397,0.0,0.0,0.0,0.0,0.0,0.0,0.0,0.0,0.0,0.0,0.0,0.0,0.0,0.0,0.0,0.0,0.0,0.0,0.0,0.0,0.0,0.0,-2.165240188443539,0.0,0.0,0.0,0.0,0.0,0.0,0.0,0.0,0.0,0.0,0.0,0.0,0.0,0.0,0.0,0.8673515510029285,-1.6304214148063538,0.0,0.0,0.0,0.0,0.0,0.0,0.0,0.0,0.0
0.0,0.0,0.0,0.0,0.0,0.0,0.0,0.0,0.0,1.7956480253403433,0.0,0.0,0.0,0.0,0.0,0.0,0.0,0.0,-0.9547548474142188,0.0,0.0,0.0,0.0,0.0,0.0,0.0,0.0,0.0,0.0,0.0,0.0,0.0,0.0,1.0494482750465917,0.0,0.0,0.0,0.0,0.0,0.0,0.0,0.0,1.6298590109555189,0.0,0.0,0.0,0.0,0.0,0.0,0.0,-1.7236722536903732,3.271463960573503,0.0,0.0,0.0,-1.7225315460033672,0.0,0.0,0.0,0.0,-1.2305642242095216,0.0,0.0,0.0,0.0,0.0,0.0,1.9722841932684907,0.0,0.0,0.0,0.0,0.0,0.0,0.0,0.0,0.0,0.0,0.0,0.0,0.0,0.0,0.0,0.0,0.0,0.0,3.4504742054813096,-4.279010790367985,0.0,0.0,0.0,0.0,0.0,0.0,0.0,0.0,0.0,0.0,0.0,0.0
0.0,0.0,0.0,0.0,0.0,0.0,0.0,0.0,0.0,0.0,0.0,0.0,0.0,0.0,0.0,0.0,0.0,1.1614157627139352,0.0,0.0,0.0,0.0,0.0,0.0,0.0,0.0,0.0,0.0,0.0,0.0,0.0,0.0,1.1883245879171023,0.0,0.0,0.0,0.0,0.0,0.0,0.0,0.0,0.0,0.0,0.0,0.0,0.0,2.9035912757716535,0.0,0.0,0.0,0.0,0.0,1.8200798309965025,0.0,0.0,0.0,0.0,0.0,0.0,0.0,2.827995096742786,0.0,0.0,1.0821628601586888,0.0,0.0,-1.5348492599539465,0.0,2.8338323415685704,0.0,0.0,0.0,0.0,0.0,0.0,0.0,3.1350968481477004,-3.467901230062233,-1.6957040346763992,3.5016816173581615,0.0,0.0,-2.626180771844076,-2.1930333218490374,0.0,0.0,0.0,0.0,0.0,0.0,0.0,-1.447967025387428,0.0,-1.3537912307913578,0.0,0.0,-1.9457003238971178,0.0,0.0,0.0
0.0,0.0,0.0,4.571044304083419,0.0,0.0,0.0,0.0,0.0,0.0,0.0,0.0,0.0,0.0,0.0,0.0,0.0,0.0,0.0,0.0,0.0,0.0,0.0,0.0,0.0,0.0,0.0,0.0,2.6241856536437616,0.0,0.0,0.0,0.0,0.0,0.0,0.0,0.0,0.0,0.0,0.0,4.599225282342981,0.0,0.0,0.0,0.0,0.0,0.0,0.0,-3.5863174944026057,0.0,0.0,0.0,1.5239696692534828,-1.4381625149458241,0.0,0.0,0.0,0.0,0.0,0.0,0.0,0.0,0.0,0.0,0.0,0.0,0.0,0.0,-2.570430668193135,0.0,0.0,0.0,0.0,0.0,0.0,0.0,0.0,0.0,0.0,0.0,0.0,0.0,0.0,0.0,0.0,0.0,0.0,0.0,0.0,0.0,0.0,2.396101118515381,0.0,0.0,0.0,0.0,0.0,0.0,1.5118635324397245,0.0
-3.4726234631305317,0.0,0.0,0.0,0.0,0.0,0.0,0.8344696021544443,0.0,0.0,0.0,0.0,0.0,0.0,1.368576892585572,0.0,0.0,2.3929529776093177,0.0,0.0,0.0,0.0,0.0,0.0,0.0,2.020357048334498,0.0,0.0,0.0,-3.027095336714946,0.0,0.0,0.0,0.0,2.8116501980623347,0.0,0.0,0.0,0.0,0.0,0.0,0.0,0.0,0.0,0.0,0.0,3.0498842937546855,0.0,0.0,0.0,-3.744396075321874,0.0,0.0,-1.1488644408106978,0.0,0.0,0.0,0.0,0.0,0.0,0.0,0.0,0.0,0.0,0.0,0.0,1.300427683570013,0.0,0.0,0.0,0.0,0.0,0.0,0.0,0.0,0.0,0.0,0.0,0.0,0.0,0.0,0.0,0.0,0.0,0.0,2.4911109191247434,0.0,0.0,0.0,0.0,0.0,0.0,0.0,0.0,0.0,0.0,0.0,0.0,0.0,0.0
0.0,0.0,-0.7729615533667414,0.0,0.0,0.0,0.0,0.0,-0.8246891600692013,0.0,0.0,0.0,0.0,0.0,0.0,0.0,0.0,2.117853079634203,-1.1323437936839085,1.5789908847633094,0.0,-4.526497796253138,0.0,0.0,0.0,0.0,-1.553684395045294,0.0,-4.959214477225453,0.0,-1.8151522179634048,0.0,-0.5119674266071242,0.0,2.1083792262922545,-1.3882464808990655,0.0,0.0,0.0,0.0,0.0,0.0,0.0,0.0,0.0,2.645219164053354,0.0,0.0,0.0,0.0,0.0,1.697285888035609,-1.307359482939684,0.0,-1.006157376232192,0.0,0.0,0.0,0.0,0.0,-2.307665761126739,0.0,0.0,0.0,0.0,0.0,0.0,0.0,0.0,0.0,0.0,0.0,0.0,0.9883950676411205,0.0,0.0,0.0,0.0,0.0,0.0,0.0,0.0,0.0,0.0,0.0,0.0,0.0,0.0,1.1611946258979227,1.886547639190504,0.0,0.0,0.0,0.0,0.0,0.0,0.0,0.0,0.0,0.0
0.0,-0.8211955131403738,0.0,2.945906033633369,2.3438287798194395,0.0,0.0,0.0,-3.247037661411288,0.0,-1.1681526882880724,2.1033423736440273,0.0,0.0,0.0,0.0,0.0,0.0,0.0,0.0,0.0,0.0,1.4206890476883174,0.0,0.0,0.0,0.0,0.0,0.0,0.0,0.0,0.0,0.0,0.0,0.0,0.0,0.0,0.0,0.0,0.0,0.0,0.0,0.0,0.0,0.0,0.0,0.0,0.0,0.0,0.0,0.0,0.0,0.0,0.0,0.0,0.0,-3.2584976094359526,0.0,0.0,0.0,0.0,0.0,0.0,0.0,0.0,0.0,0.0,0.0,0.0,0.0,0.0,0.0,0.0,0.0,1.4260974290690043,0.0,0.0,0.0,0.0,0.0,1.4315489960777326,0.0,0.0,-1.1120735028293125,0.0,0.0,0.0,0.0,0.0,0.0,-2.72259906082925,0.0,0.0,0.0,3.3928674490624684,0.0,0.0,0.0,2.383329834839167,1.1533283176417615
-2.32077657512814,0.0,0.0,0.0,0.0,0.0,3.8214770736798354,0.0,0.0,0.0,-1.6524003229734032,0.0,0.0,0.0,0.0,0.0,0.0,0.0,0.0,0.0,0.0,0.0,0.0,0.0,0.0,0.0,0.0,0.0,0.0,0.0,0.0,0.0,0.0,0.0,0.0,2.93909060680068,0.0,-2.096139655585499,0.0,0.0,0.0,0.0,2.378802782810942,0.0,0.0,0.0,-1.1922217198119267,2.3340489006088796,0.0,0.0,0.0,1.352895030945369,0.0,0.0,0.0,0.0,0.0,0.0,0.0,0.0,0.0,0.0,0.0,0.0,0.0,0.0,0.0,0.0,0.0,0.0,0.0,0.0,0.0,0.0,0.0,0.0,0.0,0.0,0.0,0.0,0.0,0.0,0.0,0.0,0.0,4.9054370365332955,0.0,0.0,0.0,0.0,0.0,0.0,-1.5550366671503497,0.0,0.0,-2.5388703931715075,0.0,2.272154319234183,1.7926313542147758,0.0
0.0,0.0,0.0,0.0,0.0,0.0,0.0,-1.084903175651191,0.0,0.0,0.0,0.0,0.0,0.0,0.0,0.0,0.0,0.0,0.8040158896597571,0.0,1.6721473278487164,0.0,0.0,0.0,0.0,-2.4810239340212115,0.0,0.0,0.0,0.0,0.0,0.0,0.0,0.85848821277509,0.0,0.0,-2.2355657491015957,-1.8144816764990164,1.7874912209198706,0.0,1.1903752876737543,0.0,0.0,-4.235014654545771,0.0,0.0,0.0,0.0,0.0,0.0,0.0,0.0,0.0,0.0,0.0,1.5938391275681003,0.0,-1.313594326066042,0.0,0.0,0.0,0.0,0.0,0.0,0.0,0.0,0.0,-2.0562329839987186,0.0,0.46441544787899275,0.0,0.0,0.0,0.0,0.0,0.0,0.0,0.0,-1.2939310524727032,1.5026544654522553,0.0,0.0,0.0,0.0,0.0,0.0,0.0,0.0,0.0,0.0,0.0,0.0,0.0,0.0,0.0,0.0,-2.8348190217555738,0.0,0.0,0.0
0.0,-2.5165636458137466,0.0,0.0,0.0,0.0,-1.4914873494411676,0.0,0.0,0.0,0.0,0.0,0.0,-0.565562259205779,2.5681328550107794,2.316127176140666,0.0,0.0,0.0,1.8994738661714468,0.0,-1.3904432785135197,0.8732131193071174,2.4885029240931225,0.0,0.0,0.0,0.0,0.0,0.0,1.548831099108828,-0.9282164930298313,0.0,0.0,0.0,0.0,1.7717686201255398,0.0,0.0,4.38067480776467,0.0,0.0,0.0,-1.9539214741029391,0.0,2.048784464532147,0.0,0.0,0.0,0.0,0.0,0.0,0.0,0.0,0.0,0.0,0.0,0.0,0.0,0.0,0.0,0.0,1.7797409796303654,0.0,0.0,0.0,0.0,0.0,0.0,0.0,-2.7923708807124052,0.0,0.0,0.0,0.0,0.0,0.0,0.0,0.0,0.0,1.311922856464026,0.0,0.0,0.0,0.0,0.0,-1.001433081591153,0.0,0.0,0.0,0.0,0.0,0.0,0.0,0.0,0.0,0.0,-3.221326933332919,0.0,0.0
